<root>
    <!-- data for Registration form test -->
    <form>
    <registration>
        <user>
        	<first_name>Elena</first_name>
        	<last_name>Gilbert</last_name>
        	<phone_no>	1234567890</phone_no>
        	<email>	abc@gmail.com</email>
        	<address>flat-007, baker street-202, west side</address>
        	<city>New York</city>
        	<state>New York</state>
        	<postal_code>12345</postal_code>
        	<country>UNITED STATES</country>
        	<user_name>Elena123</user_name>
        	<password>Elena123</password>
        	<conform_pwd>Elena123</conform_pwd>
        </user>
   </registration>
   </form>
</root>         	

