<root>
    <data>
        <flightdetails>
            <tripType>Round Trip</tripType>
            <passenger>1</passenger>
            <departCity>Portland</departCity>
            <arriveCity>New York</arriveCity>
            <departFlight>Unified Airlines 563</departFlight>
           <returnFlight>Blue Skies Airlines 651</returnFlight>
            <class>Coach</class>
            <departprice>$125</departprice>
            <returnprice>$99</returnprice>
            <taxes>$18</taxes>
            <totalprice>$242</totalprice>
            <firstName>John</firstName>
            <lastName>Cena</lastName>
            <cardNo>4567891234567894</cardNo>
            <cardExpireMonth>02</cardExpireMonth>
            <cardExpireYear>2010</cardExpireYear>
            <address>1325 Borregas Ave.</address>
            <city>Sunnyvale</city>
            <state>CA</state>
            <postalCode>94089</postalCode>--> 
        </flightdetails>
    </data>
</root>