<root>
	<ess>
		<details>
			<emp_number>113</emp_number>
			<emp_street1>team team</emp_street1>
			<emp_street2></emp_street2>
			<city_code>cpunetest</city_code>
			<coun_code>IN</coun_code>
			<provin_code>maharashtra</provin_code>
			<emp_zipcode>33333</emp_zipcode>
			<emp_street1_current>team  hVSCVSHGCVTEST1211</emp_street1_current>
			<city_code_current>cpunetest12</city_code_current>
			<coun_code_current>AL</coun_code_current>
			<provin_code_current>mahar122ashtra</provin_code_current>
			<emp_zipcode_current>333312</emp_zipcode_current>
			<same_address>0</same_address>
			<emp_hm_telephone>12121212112</emp_hm_telephone>
			<emp_mobile>12121212121</emp_mobile>
			<emp_work_telephone>5555534444412</emp_work_telephone>
			<emp_oth_email>tedds2t@test.com</emp_oth_email>
			<bank_name>bbdfrr12</bank_name>
			<account_no>2221222222222222</account_no>
			<pfno>22212222222222222222222</pfno>
			<un_no>121212122</un_no>
			<mail_sent>1</mail_sent>
			<country>India</country>
			<country_current>Albania</country_current>
		</details>
	</ess>
</root>


